"species","date","geo_group","region","losses","dead","discarded","escaped","other"
"salmon",2024-07-01,"area","area_3",909493,733775,44072,143,131503
"rainbowtrout",2024-06-01,"area","area_1",910143,753066,22205,482,134390
"rainbowtrout",2020-10-01,"area","area_5",848183,686089,40822,633,120639
"rainbowtrout",2022-03-01,"area","area_5",658517,490058,13183,598,154678
"rainbowtrout",2022-12-01,"area","area_5",575424,420502,17208,257,137457
"salmon",2021-08-01,"area","area_3",924836,790042,20960,179,113655
"rainbowtrout",2020-03-01,"area","area_1",772977,677516,20767,620,74074
"salmon",2020-06-01,"area","area_5",839731,638674,40198,826,160033
"salmon",2023-02-01,"area","area_5",975193,834379,42612,915,97287
"rainbowtrout",2023-12-01,"area","area_3",880199,726521,29132,399,124147
"rainbowtrout",2024-10-01,"area","area_3",850669,604549,20202,469,225449
"salmon",2022-12-01,"area","area_1",960045,829922,41172,941,88010
"salmon",2022-09-01,"area","area_5",993020,841998,45328,366,105328
"salmon",2024-12-01,"area","area_2",937668,787346,44362,167,105793
"salmon",2022-02-01,"area","area_5",676065,595088,16549,602,63826
"rainbowtrout",2024-07-01,"area","area_5",939635,807931,30754,628,100322
"rainbowtrout",2022-11-01,"area","area_5",703769,544553,34331,406,124479
"rainbowtrout",2021-08-01,"area","area_1",762679,570429,27244,206,164800
"salmon",2022-07-01,"area","area_1",942964,829948,44145,805,68066
"salmon",2021-02-01,"area","area_5",843343,714614,35028,597,93104
"rainbowtrout",2024-12-01,"area","area_1",622754,467487,24931,431,129905
"rainbowtrout",2020-02-01,"area","area_2",677058,558574,21567,604,96313
"rainbowtrout",2024-11-01,"area","area_2",859962,695439,30100,129,134294
"rainbowtrout",2022-09-01,"area","area_3",910253,691198,26982,379,191694
"salmon",2021-03-01,"area","area_2",976541,798382,27366,441,150352
"rainbowtrout",2023-03-01,"area","area_5",799461,627736,26763,191,144771
"rainbowtrout",2021-04-01,"area","area_4",731477,561581,21842,163,147891
"rainbowtrout",2024-08-01,"area","area_2",530804,476142,16361,498,37803
"salmon",2020-08-01,"area","area_5",725181,607982,17141,670,99388
"salmon",2022-06-01,"area","area_5",735538,524963,24982,556,185037
"salmon",2024-09-01,"area","area_4",972355,802001,31608,910,137836
"salmon",2020-05-01,"area","area_1",548302,413993,27070,392,106847
"rainbowtrout",2021-04-01,"area","area_5",843892,646061,30428,332,167071
"rainbowtrout",2022-10-01,"area","area_5",671355,530125,17666,212,123352
"rainbowtrout",2024-08-01,"area","area_3",513824,400853,20344,63,92564
"rainbowtrout",2024-07-01,"area","area_1",701018,578711,19390,668,102249
"salmon",2022-11-01,"area","area_4",842823,632882,31910,606,177425
"rainbowtrout",2023-12-01,"area","area_1",935393,747130,27831,723,159709
"rainbowtrout",2021-11-01,"area","area_4",710339,624098,24852,82,61307
"salmon",2024-09-01,"area","area_3",725344,625857,21150,638,77699
"rainbowtrout",2022-05-01,"area","area_1",872062,699323,30443,773,141523
"salmon",2021-11-01,"area","area_1",909322,767355,43935,649,97383
"rainbowtrout",2020-04-01,"area","area_4",879787,781045,18192,208,80342
"salmon",2023-02-01,"area","area_1",594432,449973,17068,573,126818
"rainbowtrout",2023-02-01,"area","area_5",895773,737407,34380,416,123570
"salmon",2024-04-01,"area","area_4",673408,522337,30018,226,120827
"salmon",2024-09-01,"area","area_2",833229,658215,38575,589,135850
"salmon",2023-12-01,"area","area_3",750625,580512,17169,631,152313
"salmon",2023-08-01,"area","area_5",549256,428435,13358,477,106986
"salmon",2021-09-01,"area","area_2",563430,494821,12522,247,55840
"salmon",2021-03-01,"area","area_1",818025,711133,23399,325,83168
"rainbowtrout",2020-09-01,"area","area_5",527900,409179,25049,192,93480
"salmon",2023-03-01,"area","area_1",925397,707242,29591,744,187820
"salmon",2023-10-01,"area","area_5",524557,390452,15488,117,118500
"rainbowtrout",2020-08-01,"area","area_2",523355,435413,23025,70,64847
"rainbowtrout",2021-05-01,"area","area_4",971321,772390,24258,108,174565
"salmon",2021-08-01,"area","area_1",628737,540782,13072,259,74624
"salmon",2020-05-01,"area","area_4",758499,580484,21186,465,156364
"salmon",2022-02-01,"area","area_1",762637,680058,36056,419,46104
"rainbowtrout",2021-05-01,"area","area_1",966418,753010,30756,650,182002
"salmon",2021-12-01,"area","area_5",882341,680454,19588,161,182138
"rainbowtrout",2022-07-01,"area","area_5",755674,543448,33074,315,178837
"salmon",2021-04-01,"area","area_1",793633,564252,19582,705,209094
"salmon",2023-01-01,"area","area_2",734006,635097,20550,549,77810
"rainbowtrout",2021-02-01,"area","area_3",745928,551246,31031,501,163150
"rainbowtrout",2021-05-01,"area","area_3",684407,606757,16734,391,60525
"rainbowtrout",2022-02-01,"area","area_2",644277,501415,22337,142,120383
"salmon",2023-09-01,"area","area_2",619072,509943,14553,89,94487
"salmon",2020-06-01,"area","area_4",875344,714156,41943,690,118555
"rainbowtrout",2024-09-01,"area","area_4",790429,689730,34426,704,65569
"rainbowtrout",2022-05-01,"area","area_5",924434,678531,31589,551,213763
"salmon",2022-01-01,"area","area_4",719608,566521,16140,98,136849
"rainbowtrout",2023-11-01,"area","area_5",838938,660344,25284,272,153038
"salmon",2022-10-01,"area","area_3",556070,434167,15099,438,106366
"rainbowtrout",2020-06-01,"area","area_4",621050,550507,27206,378,42959
"rainbowtrout",2023-02-01,"area","area_1",756828,667797,21012,84,67935
"rainbowtrout",2020-04-01,"area","area_5",613873,455742,17297,174,140660
"rainbowtrout",2022-01-01,"area","area_2",575693,422587,12025,368,140713
"rainbowtrout",2023-07-01,"area","area_5",720826,541363,15312,147,164004
"salmon",2024-04-01,"area","area_5",665770,540036,14706,635,110393
"rainbowtrout",2023-05-01,"area","area_4",615888,534323,12659,393,68513
"rainbowtrout",2022-12-01,"area","area_4",584108,478695,24388,118,80907
"rainbowtrout",2023-05-01,"area","area_5",686869,604749,19958,650,61512
"salmon",2020-10-01,"area","area_4",989581,810103,31647,257,147574
"rainbowtrout",2023-05-01,"area","area_2",899122,663094,35498,462,200068
"rainbowtrout",2024-09-01,"area","area_1",986990,856420,39281,206,91083
"rainbowtrout",2020-01-01,"area","area_5",852964,686320,25523,637,140484
"salmon",2021-05-01,"area","area_5",652701,547961,25730,569,78441
"salmon",2024-02-01,"area","area_1",600276,452843,27433,96,119904
"rainbowtrout",2022-06-01,"area","area_4",836003,621090,36191,834,177888
"rainbowtrout",2022-06-01,"area","area_3",775939,622677,38072,79,115111
"rainbowtrout",2024-04-01,"area","area_4",709744,622577,27072,478,59617
"salmon",2023-06-01,"area","area_2",601748,479261,18772,410,103305
"rainbowtrout",2023-01-01,"area","area_3",552229,488949,17033,308,45939
"rainbowtrout",2024-09-01,"area","area_2",584612,521588,26184,203,36637
"rainbowtrout",2024-05-01,"area","area_1",928504,814306,35089,99,79010
"rainbowtrout",2022-10-01,"area","area_4",717559,622331,22765,194,72269
"salmon",2023-11-01,"area","area_5",583365,436363,12543,175,134284
"salmon",2022-12-01,"area","area_5",546199,430936,12659,537,102067
"rainbowtrout",2020-09-01,"area","area_1",777530,593302,33760,410,150058
"salmon",2023-06-01,"area","area_3",960504,689553,39045,120,231786
"rainbowtrout",2023-01-01,"area","area_1",554207,455518,14973,375,83341
"rainbowtrout",2021-10-01,"area","area_5",784466,629153,17475,415,137423
"salmon",2023-04-01,"area","area_2",933642,669498,36962,428,226754
"salmon",2024-12-01,"area","area_3",903232,792050,18368,521,92293
"salmon",2020-11-01,"area","area_2",912959,649597,35196,505,227661
"salmon",2024-02-01,"area","area_4",932779,771422,19919,206,141232
"salmon",2024-10-01,"area","area_5",838506,716429,36984,797,84296
"rainbowtrout",2024-04-01,"area","area_1",638757,493020,18732,554,126451
"salmon",2021-06-01,"area","area_4",716960,597981,23523,441,95015
"rainbowtrout",2020-12-01,"area","area_3",640291,518740,29188,514,91849
"salmon",2022-09-01,"area","area_4",588857,502984,20066,451,65356
"salmon",2023-07-01,"area","area_1",738456,609507,17561,652,110736
"rainbowtrout",2022-08-01,"area","area_5",824089,593919,27445,288,202437
"salmon",2022-05-01,"area","area_4",711784,508337,29849,695,172903
"salmon",2021-02-01,"area","area_1",867489,698412,18060,280,150737
"rainbowtrout",2020-02-01,"area","area_5",829550,695582,24090,602,109276
"rainbowtrout",2023-11-01,"area","area_4",552681,485667,15189,58,51767
"salmon",2024-10-01,"area","area_1",657707,485452,28706,435,143114
"salmon",2022-08-01,"area","area_4",558584,490238,21034,456,46856
"salmon",2024-04-01,"area","area_1",687069,543348,28055,369,115297
"salmon",2022-10-01,"area","area_4",836221,657510,18629,602,159480
"rainbowtrout",2020-11-01,"area","area_1",896233,742224,29906,508,123595
"rainbowtrout",2022-11-01,"area","area_2",936993,820983,19444,239,96327
"rainbowtrout",2024-12-01,"area","area_2",883511,725044,20535,880,137052
"rainbowtrout",2021-05-01,"area","area_5",601233,490843,20887,506,88997
"salmon",2021-12-01,"area","area_2",914314,788071,21202,377,104664
"salmon",2023-12-01,"area","area_5",670342,576228,20295,142,73677
"rainbowtrout",2023-05-01,"area","area_3",516708,399537,19006,75,98090
"salmon",2021-10-01,"area","area_5",638389,502438,28370,413,107168
"salmon",2020-01-01,"area","area_5",501074,365441,18542,386,116705
"salmon",2023-08-01,"area","area_4",503832,451433,15965,126,36308
"rainbowtrout",2024-10-01,"area","area_1",585951,479817,12027,283,93824
"salmon",2021-03-01,"area","area_4",728030,584580,18006,399,125045
"rainbowtrout",2024-05-01,"area","area_2",517856,381445,11385,357,124669
"salmon",2021-11-01,"area","area_4",833729,676077,34038,139,123475
"rainbowtrout",2023-04-01,"area","area_4",688887,594815,15253,120,78699
"rainbowtrout",2023-10-01,"area","area_4",939999,793444,33756,691,112108
"rainbowtrout",2023-07-01,"area","area_3",581777,427534,16775,216,137252
"rainbowtrout",2020-10-01,"area","area_2",511938,367141,15825,366,128606
"salmon",2020-12-01,"area","area_2",791812,610390,34499,690,146233
"salmon",2021-08-01,"area","area_2",510406,438564,11823,187,59832
"salmon",2021-08-01,"area","area_5",913727,796171,32619,845,84092
"rainbowtrout",2024-02-01,"area","area_3",597787,490811,27358,474,79144
"salmon",2021-06-01,"area","area_3",886107,727835,37582,234,120456
"salmon",2022-09-01,"area","area_3",786173,637201,36413,747,111812
"salmon",2024-06-01,"area","area_5",561701,429418,25806,454,106023
"salmon",2024-03-01,"area","area_3",789343,559391,33269,132,196551
"rainbowtrout",2023-04-01,"area","area_5",839871,672543,28590,589,138149
"salmon",2024-03-01,"area","area_4",602024,468693,19861,391,113079
"salmon",2020-04-01,"area","area_1",935945,716407,27213,622,191703
"salmon",2023-07-01,"area","area_5",742226,640046,34787,702,66691
"rainbowtrout",2022-10-01,"area","area_1",988702,719962,42862,834,225044
"salmon",2022-06-01,"area","area_4",604540,428873,28095,250,147322
"salmon",2023-08-01,"area","area_1",701042,627089,16882,593,56478
"salmon",2023-01-01,"area","area_1",726212,514035,28511,133,183533
"salmon",2021-10-01,"area","area_4",889692,727421,39100,279,122892
"salmon",2023-03-01,"area","area_3",721640,532406,26759,432,162043
"salmon",2023-05-01,"area","area_5",695142,543836,26683,367,124256
"salmon",2023-05-01,"area","area_3",921411,695653,45046,683,180029
"salmon",2023-04-01,"area","area_3",768935,580692,30462,299,157482
"rainbowtrout",2020-07-01,"area","area_5",892623,690523,33466,279,168355
"rainbowtrout",2023-02-01,"area","area_2",673534,571008,23491,216,78819
"rainbowtrout",2022-03-01,"area","area_1",577162,493619,28487,154,54902
"salmon",2023-06-01,"area","area_4",982328,756023,41552,644,184109
"salmon",2022-12-01,"area","area_3",993378,720863,21377,299,250839
"salmon",2023-11-01,"area","area_2",994473,752833,21684,405,219551
"salmon",2024-06-01,"area","area_4",809349,592193,40019,92,177045
"rainbowtrout",2021-05-01,"area","area_2",629808,458227,18779,599,152203
"salmon",2021-08-01,"area","area_4",710809,604732,23592,150,82335
"salmon",2020-02-01,"area","area_1",708082,620405,23439,491,63747
"salmon",2024-12-01,"area","area_5",555847,487844,27262,154,40587
"salmon",2024-06-01,"area","area_3",686209,536580,31018,553,118058
"rainbowtrout",2021-09-01,"area","area_1",851013,621554,30105,726,198628
"salmon",2024-11-01,"area","area_1",768702,573791,25628,365,168918
"salmon",2022-05-01,"area","area_5",630608,526952,30531,456,72669
"rainbowtrout",2020-04-01,"area","area_1",844190,658438,22021,627,163104
"salmon",2020-03-01,"area","area_1",988875,817452,27026,807,143590
"rainbowtrout",2021-08-01,"area","area_3",635199,452510,25751,119,156819
"rainbowtrout",2024-11-01,"area","area_1",846174,715663,18669,369,111473
"salmon",2020-12-01,"area","area_1",630211,499487,29054,570,101100
"rainbowtrout",2022-01-01,"area","area_1",833289,621181,31054,417,180637
"salmon",2023-03-01,"area","area_5",710981,612895,29793,681,67612
"salmon",2022-08-01,"area","area_2",804340,697157,17109,266,89808
"rainbowtrout",2021-12-01,"area","area_1",782314,584289,27973,770,169282
"rainbowtrout",2021-04-01,"area","area_2",855238,638166,39190,220,177662
"salmon",2024-04-01,"area","area_3",854773,704668,31987,202,117916
"rainbowtrout",2021-08-01,"area","area_2",847509,723992,35745,648,87124
"salmon",2024-05-01,"area","area_4",888996,699969,33277,393,155357
"rainbowtrout",2020-04-01,"area","area_3",881692,635517,27617,503,218055
"salmon",2024-05-01,"area","area_5",983872,717771,20606,831,244664
"rainbowtrout",2020-08-01,"area","area_3",836190,730024,22985,714,82467
"salmon",2024-10-01,"area","area_4",848377,635692,31040,555,181090
"salmon",2020-05-01,"area","area_5",985309,781283,42289,598,161139
"salmon",2020-02-01,"area","area_5",558621,431448,20215,494,106464
"rainbowtrout",2020-10-01,"area","area_3",789084,613366,20912,423,154383
"rainbowtrout",2020-11-01,"area","area_2",846640,743965,40027,692,61956
"salmon",2020-08-01,"area","area_1",703075,545114,30610,393,126958
"rainbowtrout",2023-09-01,"area","area_5",710776,560634,33185,605,116352
"rainbowtrout",2023-01-01,"area","area_4",556352,428736,23095,299,104222
"salmon",2021-05-01,"area","area_3",667040,568113,20058,364,78505
"rainbowtrout",2024-01-01,"area","area_3",637378,505620,13146,385,118227
"salmon",2021-01-01,"area","area_2",588854,478624,22449,476,87305
"salmon",2023-11-01,"area","area_1",995067,813598,33179,916,147374
"salmon",2024-08-01,"area","area_5",788304,705449,26564,384,55907
"rainbowtrout",2021-07-01,"area","area_4",696459,538087,23644,604,134124
"rainbowtrout",2020-07-01,"area","area_1",981663,771005,29336,308,181014
"rainbowtrout",2023-09-01,"area","area_3",877161,772407,38420,701,65633
"rainbowtrout",2020-01-01,"area","area_2",708279,579761,31812,214,96492
"rainbowtrout",2020-04-01,"area","area_2",981030,805717,34479,238,140596
"rainbowtrout",2020-12-01,"area","area_2",967841,730185,34471,536,202649
"salmon",2021-10-01,"area","area_3",636796,544145,23693,524,68434
"rainbowtrout",2024-02-01,"area","area_4",633100,540496,23056,222,69326
"rainbowtrout",2020-03-01,"area","area_4",575530,426962,25254,259,123055
"rainbowtrout",2023-11-01,"area","area_1",700405,603223,25650,539,70993
"salmon",2020-10-01,"area","area_1",557367,420109,21718,467,115073
"rainbowtrout",2024-03-01,"area","area_3",573092,448835,13078,407,110772
"salmon",2024-07-01,"area","area_2",819908,602059,28413,254,189182
"rainbowtrout",2024-12-01,"area","area_3",886580,751804,42229,640,91907
"rainbowtrout",2021-06-01,"area","area_3",544434,392225,13290,392,138527
"rainbowtrout",2022-03-01,"area","area_3",736629,616917,31161,589,87962
"salmon",2024-10-01,"area","area_2",524342,430938,21844,83,71477
"rainbowtrout",2023-08-01,"area","area_1",632224,515701,15614,387,100522
"salmon",2023-09-01,"area","area_3",984411,690305,40048,113,253945
"rainbowtrout",2022-06-01,"area","area_5",734444,632344,25171,704,76225
"salmon",2022-04-01,"area","area_1",970728,770506,35534,887,163801
"rainbowtrout",2024-04-01,"area","area_2",905993,687313,41008,301,177371
"rainbowtrout",2020-10-01,"area","area_1",753094,562929,36830,296,153039
"rainbowtrout",2024-06-01,"area","area_2",897451,629969,28536,151,238795
"rainbowtrout",2021-01-01,"area","area_4",821522,688630,21708,178,111006
"salmon",2021-11-01,"area","area_2",596525,431765,13826,391,150543
"salmon",2022-03-01,"area","area_2",638851,509475,24992,588,103796
"rainbowtrout",2022-04-01,"area","area_1",917973,738395,31361,745,147472
"rainbowtrout",2024-03-01,"area","area_4",842520,643457,31208,484,167371
"salmon",2022-04-01,"area","area_2",900355,744645,18347,517,136846
"rainbowtrout",2020-03-01,"area","area_5",831915,593723,29477,95,208620
"salmon",2022-12-01,"area","area_2",844792,608518,38852,684,196738
"rainbowtrout",2024-03-01,"area","area_2",858181,717527,40383,396,99875
"rainbowtrout",2023-09-01,"area","area_4",586617,473912,15079,408,97218
"rainbowtrout",2023-02-01,"area","area_4",681918,606170,30936,477,44335
"salmon",2022-11-01,"area","area_1",515353,433490,22744,402,58717
"salmon",2024-11-01,"area","area_4",667497,497153,18007,541,151796
"salmon",2020-09-01,"area","area_1",501690,379570,12702,330,109088
"salmon",2022-02-01,"area","area_2",715933,592472,31649,588,91224
"salmon",2020-11-01,"area","area_3",985447,714422,29418,220,241387
"salmon",2024-08-01,"area","area_2",599226,470845,24693,92,103596
"salmon",2022-11-01,"area","area_3",993422,724454,31376,168,237424
"rainbowtrout",2022-02-01,"area","area_4",866310,689366,38847,392,137705
"rainbowtrout",2023-12-01,"area","area_4",670780,561875,27210,584,81111
"salmon",2020-07-01,"area","area_4",878073,678013,38950,682,160428
"rainbowtrout",2024-06-01,"area","area_5",877635,625882,30556,151,221046
"salmon",2023-05-01,"area","area_4",675146,562045,13607,610,98884
"salmon",2021-01-01,"area","area_1",545638,410175,20081,266,115116
"salmon",2022-05-01,"area","area_1",803335,616094,34019,289,152933
"rainbowtrout",2022-11-01,"area","area_4",821988,617408,37312,172,167096
"salmon",2020-09-01,"area","area_5",571748,406240,11550,323,153635
"rainbowtrout",2020-10-01,"area","area_4",768300,656194,22695,714,88697
"salmon",2022-06-01,"area","area_3",607855,533021,30112,535,44187
"salmon",2022-09-01,"area","area_2",586224,426044,23280,114,136786
"rainbowtrout",2020-07-01,"area","area_4",904848,795607,36247,582,72412
"salmon",2020-07-01,"area","area_5",991865,778608,21708,182,191367
"salmon",2021-12-01,"area","area_1",829092,656052,18996,399,153645
"salmon",2022-07-01,"area","area_4",787475,617086,27804,771,141814
"rainbowtrout",2021-02-01,"area","area_1",945815,721458,40501,518,183338
"salmon",2023-01-01,"area","area_4",878564,638784,17572,808,221400
"rainbowtrout",2020-06-01,"area","area_1",833670,650172,29396,336,153766
"salmon",2022-02-01,"area","area_4",849099,688999,17515,368,142217
"rainbowtrout",2022-01-01,"area","area_4",507054,382095,12475,252,112232
"salmon",2022-01-01,"area","area_3",981978,804568,47726,503,129181
"salmon",2023-09-01,"area","area_4",718740,589674,25075,76,103915
"salmon",2020-11-01,"area","area_1",977196,833614,21485,805,121292
"salmon",2024-05-01,"area","area_2",722426,509552,27223,609,185042
"rainbowtrout",2023-06-01,"area","area_5",874448,635912,30811,157,207568
"salmon",2020-03-01,"area","area_3",799699,676332,31884,345,91138
"rainbowtrout",2022-12-01,"area","area_1",519340,448999,19953,270,50118
"salmon",2024-08-01,"area","area_1",591597,496591,11883,120,83003
"rainbowtrout",2022-06-01,"area","area_2",595769,513698,17731,144,64196
"salmon",2021-02-01,"area","area_2",885160,644703,43875,106,196476
"rainbowtrout",2020-06-01,"area","area_2",687701,491815,18088,90,177708
"salmon",2020-05-01,"area","area_3",878648,691086,17881,614,169067
"salmon",2021-10-01,"area","area_2",742544,581869,28786,101,131788
"rainbowtrout",2023-10-01,"area","area_5",592833,512968,16554,374,62937
"salmon",2020-03-01,"area","area_2",851021,609355,34387,419,206860
"salmon",2023-01-01,"area","area_3",756816,560583,30127,754,165352
"rainbowtrout",2021-07-01,"area","area_2",631174,507232,24333,555,99054
"rainbowtrout",2022-02-01,"area","area_3",822262,621119,30530,281,170332
"rainbowtrout",2024-01-01,"area","area_2",725569,535297,24018,506,165748
"rainbowtrout",2022-08-01,"area","area_3",962575,806390,31189,256,124740
"rainbowtrout",2021-07-01,"area","area_1",978200,825171,29727,851,122451
"rainbowtrout",2020-09-01,"area","area_2",777364,652922,17890,756,105796
"salmon",2023-10-01,"area","area_2",906108,802527,40363,832,62386
"rainbowtrout",2023-11-01,"area","area_2",648866,478953,31757,398,137758
"salmon",2024-01-01,"area","area_4",893216,694886,20356,223,177751
"salmon",2024-11-01,"area","area_5",994598,763771,28967,767,201093
"salmon",2023-01-01,"area","area_5",823070,691042,17478,531,114019
"rainbowtrout",2024-02-01,"area","area_2",548706,448398,18669,274,81365
"salmon",2024-10-01,"area","area_3",507031,437247,25194,277,44313
"salmon",2022-10-01,"area","area_5",915365,756883,39736,803,117943
"rainbowtrout",2024-09-01,"area","area_5",888436,674975,25962,634,186865
"rainbowtrout",2022-10-01,"area","area_2",745765,586285,27671,598,131211
"salmon",2023-10-01,"area","area_3",671696,570113,20022,461,81100
"rainbowtrout",2023-07-01,"area","area_2",970335,794926,19538,673,155198
"salmon",2020-02-01,"area","area_3",807813,635807,36655,394,134957
"salmon",2021-11-01,"area","area_5",807107,694513,29598,249,82747
"rainbowtrout",2024-11-01,"area","area_5",968900,736025,46516,458,185901
"rainbowtrout",2021-12-01,"area","area_2",551770,417270,12994,436,121070
"rainbowtrout",2022-04-01,"area","area_3",603501,503199,17049,459,82794
"rainbowtrout",2023-10-01,"area","area_1",891267,748425,41249,522,101071
"salmon",2020-07-01,"area","area_3",795819,590921,18964,546,185388
"salmon",2021-04-01,"area","area_5",708770,541718,21319,619,145114
"salmon",2020-03-01,"area","area_4",900090,714655,18624,513,166298
"rainbowtrout",2024-07-01,"area","area_4",816248,579400,23803,609,212436
"salmon",2021-12-01,"area","area_4",518248,456129,12063,53,50003
"rainbowtrout",2023-04-01,"area","area_3",728887,594724,21248,566,112349
"rainbowtrout",2021-01-01,"area","area_5",865509,725373,36547,247,103342
"rainbowtrout",2023-06-01,"area","area_3",851799,712786,27464,361,111188
"rainbowtrout",2024-01-01,"area","area_4",751688,624839,19072,549,107228
"salmon",2022-05-01,"area","area_2",888620,710352,28988,862,148418
"rainbowtrout",2020-01-01,"area","area_4",858262,653988,27142,359,176773
"rainbowtrout",2024-08-01,"area","area_1",784878,705242,24230,677,54729
"rainbowtrout",2023-12-01,"area","area_5",650254,556446,24025,419,69364
"salmon",2024-01-01,"area","area_3",745977,527293,23387,510,194787
"salmon",2024-07-01,"area","area_5",748537,643783,31970,671,72113
"salmon",2024-07-01,"area","area_1",933273,774832,40515,806,117120
"rainbowtrout",2020-09-01,"area","area_3",601391,434480,24837,199,141875
"rainbowtrout",2020-08-01,"area","area_5",748074,673118,32194,338,42424
"salmon",2023-04-01,"area","area_5",629187,519718,17924,431,91114
"salmon",2021-06-01,"area","area_5",723703,621780,16430,550,84943
"rainbowtrout",2022-11-01,"area","area_3",593897,440669,14378,330,138520
"rainbowtrout",2023-09-01,"area","area_2",809685,592972,25995,797,189921
"rainbowtrout",2023-03-01,"area","area_2",748760,669708,32391,223,46438
"rainbowtrout",2020-06-01,"area","area_5",872895,726611,30923,235,115126
"rainbowtrout",2021-11-01,"area","area_5",756213,678857,15437,584,61335
"salmon",2020-12-01,"area","area_5",826199,671094,36750,383,117972
"salmon",2022-03-01,"area","area_4",730819,546826,35577,355,148061
"rainbowtrout",2023-06-01,"area","area_4",584850,429136,27935,127,127652
"salmon",2022-09-01,"area","area_1",697414,585292,14328,379,97415
"rainbowtrout",2021-11-01,"area","area_2",957030,749276,32960,367,174427
"rainbowtrout",2024-06-01,"area","area_4",549729,438563,19762,352,91052
"salmon",2020-10-01,"area","area_2",592339,484546,26643,364,80786
"salmon",2023-12-01,"area","area_4",513468,382880,18456,385,111747
"salmon",2022-10-01,"area","area_1",781900,625989,21267,590,134054
"salmon",2020-08-01,"area","area_2",639739,552695,17740,379,68925
"salmon",2020-07-01,"area","area_2",766814,552004,18511,651,195648
"rainbowtrout",2020-01-01,"area","area_3",755586,590368,20574,179,144465
"salmon",2020-02-01,"area","area_2",865180,615956,42402,147,206675
"rainbowtrout",2021-03-01,"area","area_1",955914,722939,28518,226,204231
"salmon",2024-01-01,"area","area_2",888636,626043,37993,732,223868
"rainbowtrout",2021-06-01,"area","area_1",854042,754966,41608,417,57051
"rainbowtrout",2024-05-01,"area","area_4",719008,641233,15556,332,61887
"rainbowtrout",2024-02-01,"area","area_5",890534,782929,31775,821,75009
"rainbowtrout",2020-08-01,"area","area_1",763877,577178,23181,462,163056
"salmon",2020-09-01,"area","area_3",651232,540884,23324,476,86548
"rainbowtrout",2022-07-01,"area","area_2",633602,536074,22868,513,74147
"salmon",2022-08-01,"area","area_3",780991,597330,30199,167,153295
"salmon",2020-10-01,"area","area_5",949250,687914,26839,214,234283
"rainbowtrout",2024-09-01,"area","area_3",722557,509080,20781,281,192415
"salmon",2022-07-01,"area","area_3",976340,865798,48733,130,61679
"salmon",2020-07-01,"area","area_1",542336,450823,20512,79,70922
"rainbowtrout",2021-06-01,"area","area_5",972627,705012,36034,450,231131
"rainbowtrout",2022-08-01,"area","area_1",958061,747927,25742,792,183600
"salmon",2024-02-01,"area","area_5",648471,525156,15613,314,107388
"salmon",2021-05-01,"area","area_4",564461,463878,21102,116,79365
"rainbowtrout",2024-08-01,"area","area_4",568116,449499,26653,289,91675
"rainbowtrout",2021-09-01,"area","area_5",647236,556981,22166,537,67552
"salmon",2024-02-01,"area","area_3",890244,654656,26636,225,208727
"salmon",2021-07-01,"area","area_1",802886,585853,18938,483,197612
"salmon",2024-02-01,"area","area_2",684465,518812,30143,313,135197
"salmon",2021-03-01,"area","area_5",850010,652698,38807,283,158222
"salmon",2020-04-01,"area","area_5",987139,790688,48303,601,147547
"rainbowtrout",2020-05-01,"area","area_1",969776,771290,36606,484,161396
"rainbowtrout",2020-05-01,"area","area_5",732452,540063,36566,462,155361
"salmon",2023-07-01,"area","area_4",604026,516876,22399,337,64414
"rainbowtrout",2021-01-01,"area","area_1",579304,473267,25461,171,80405
"salmon",2023-09-01,"area","area_5",645639,525510,16642,254,103233
"salmon",2020-06-01,"area","area_3",709824,602118,25624,584,81498
"rainbowtrout",2022-04-01,"area","area_2",990547,821182,22840,302,146223
"rainbowtrout",2024-07-01,"area","area_2",698339,593467,34881,141,69850
"salmon",2024-01-01,"area","area_1",674574,547907,31488,228,94951
"rainbowtrout",2024-04-01,"area","area_5",809948,685854,35301,808,87985
"salmon",2022-01-01,"area","area_2",619749,513986,20698,467,84598
"rainbowtrout",2022-09-01,"area","area_4",706478,587755,34041,364,84318
"salmon",2022-05-01,"area","area_3",619709,536161,27589,552,55407
"rainbowtrout",2023-08-01,"area","area_5",550359,408134,26709,328,115188
"rainbowtrout",2021-01-01,"area","area_3",789883,621371,37076,211,131225
"salmon",2024-08-01,"area","area_4",675810,552636,27387,139,95648
"rainbowtrout",2020-07-01,"area","area_3",927980,813697,21822,618,91843
"salmon",2023-07-01,"area","area_2",904347,734619,25884,163,143681
"rainbowtrout",2024-06-01,"area","area_3",587469,476447,22962,330,87730
"rainbowtrout",2024-04-01,"area","area_3",650201,479171,30379,71,140580
"rainbowtrout",2020-02-01,"area","area_3",922979,753533,35703,689,133054
"rainbowtrout",2024-05-01,"area","area_3",928611,669173,37180,257,222001
"salmon",2021-09-01,"area","area_1",502309,391087,22063,372,88787
"salmon",2020-11-01,"area","area_5",931756,714089,43851,658,173158
"salmon",2020-01-01,"area","area_2",751998,606324,26454,703,118517
"salmon",2023-02-01,"area","area_2",683510,570382,31768,431,80929
"rainbowtrout",2020-08-01,"area","area_4",912039,659753,34089,144,218053
"rainbowtrout",2020-05-01,"area","area_3",721286,513488,28724,498,178576
"salmon",2021-07-01,"area","area_3",930342,664148,21211,742,244241
"rainbowtrout",2021-12-01,"area","area_5",505363,411221,22063,398,71681
"rainbowtrout",2024-03-01,"area","area_1",890954,728450,24995,602,136907
"salmon",2020-01-01,"area","area_3",861897,705263,23765,485,132384
"rainbowtrout",2022-06-01,"area","area_1",865119,735425,36611,322,92761
"salmon",2021-06-01,"area","area_1",872727,662457,18128,265,191877
"salmon",2021-10-01,"area","area_1",899124,748072,29850,624,120578
"rainbowtrout",2022-07-01,"area","area_4",959649,838275,47962,726,72686
"salmon",2022-07-01,"area","area_2",633057,521212,30601,474,80770
"salmon",2022-06-01,"area","area_2",580643,489204,28015,313,63111
"rainbowtrout",2021-04-01,"area","area_1",893460,703531,42589,847,146493
"salmon",2023-02-01,"area","area_4",513621,452919,11556,309,48837
"salmon",2022-04-01,"area","area_4",997615,819708,49626,325,127956
"salmon",2021-05-01,"area","area_1",520055,461464,17838,411,40342
"rainbowtrout",2023-10-01,"area","area_2",703787,622957,18062,318,62450
"salmon",2021-12-01,"area","area_3",760097,536777,23233,259,199828
"salmon",2024-12-01,"area","area_1",663948,514875,21737,418,126918
"salmon",2022-10-01,"area","area_2",872412,727049,30908,120,114335
"rainbowtrout",2021-03-01,"area","area_2",974187,836708,43985,837,92657
"salmon",2023-12-01,"area","area_1",883157,788937,44049,677,49494
"rainbowtrout",2021-06-01,"area","area_2",817799,729628,31996,687,55488
"rainbowtrout",2024-12-01,"area","area_5",861294,773843,27265,773,59413
"salmon",2024-07-01,"area","area_4",835612,653427,37022,194,144969
"rainbowtrout",2023-01-01,"area","area_2",690640,524293,34497,454,131396
"rainbowtrout",2020-05-01,"area","area_2",784371,662383,21214,390,100384
"rainbowtrout",2021-03-01,"area","area_5",948478,823424,44493,548,80013
"rainbowtrout",2022-12-01,"area","area_3",658991,475883,21743,470,160895
"rainbowtrout",2020-11-01,"area","area_3",556996,494103,20244,394,42255
"salmon",2023-05-01,"area","area_2",592784,518426,19367,403,54588
"salmon",2022-06-01,"area","area_1",719273,599340,32903,571,86459
"rainbowtrout",2021-10-01,"area","area_1",705459,605836,20491,285,78847
"salmon",2024-09-01,"area","area_1",683132,541517,17929,490,123196
"salmon",2021-04-01,"area","area_2",904817,797705,25655,170,81287
"rainbowtrout",2021-09-01,"area","area_4",682463,543885,30535,567,107476
"salmon",2021-09-01,"area","area_4",521500,454038,14598,76,52788
"salmon",2024-03-01,"area","area_5",826035,672636,19279,98,134022
"salmon",2021-06-01,"area","area_2",963255,718794,26796,121,217544
"rainbowtrout",2024-07-01,"area","area_3",653095,473434,16150,318,163193
"salmon",2023-11-01,"area","area_3",719807,515340,31785,712,171970
"salmon",2023-02-01,"area","area_3",811389,602374,22802,478,185735
"salmon",2020-12-01,"area","area_4",878127,740134,21828,439,115726
"rainbowtrout",2023-08-01,"area","area_4",946506,831500,41611,183,73212
"salmon",2021-02-01,"area","area_3",757196,675263,25248,519,56166
"rainbowtrout",2024-10-01,"area","area_2",819364,575238,27567,698,215861
"rainbowtrout",2023-08-01,"area","area_3",576144,440905,24630,259,110350
"rainbowtrout",2021-12-01,"area","area_3",772240,657796,32936,239,81269
"rainbowtrout",2024-05-01,"area","area_5",539580,447388,23499,400,68293
"rainbowtrout",2023-07-01,"area","area_4",764996,643747,18231,236,102782
"rainbowtrout",2020-01-01,"area","area_1",841966,660974,33800,352,146840
"rainbowtrout",2024-02-01,"area","area_1",854071,672723,26522,273,154553
"rainbowtrout",2021-08-01,"area","area_4",836203,683657,39849,722,111975
"rainbowtrout",2022-08-01,"area","area_4",529061,382665,12791,390,133215
"salmon",2020-12-01,"area","area_3",840542,648372,32435,743,158992
"rainbowtrout",2023-03-01,"area","area_1",623467,517950,24882,153,80482
"salmon",2022-03-01,"area","area_1",835181,688491,38797,656,107237
"rainbowtrout",2022-05-01,"area","area_3",539477,412659,19572,70,107176
"rainbowtrout",2022-01-01,"area","area_3",667488,554294,21354,269,91571
"salmon",2020-09-01,"area","area_4",854086,699488,41915,174,112509
"salmon",2022-11-01,"area","area_2",581960,410612,17135,382,153831
"rainbowtrout",2020-03-01,"area","area_3",712270,611953,17053,692,82572
"rainbowtrout",2023-07-01,"area","area_1",644755,488619,18630,596,136910
"rainbowtrout",2023-02-01,"area","area_3",530620,390117,22899,318,117286
"salmon",2020-08-01,"area","area_3",636932,451621,31243,556,153512
"rainbowtrout",2023-05-01,"area","area_1",686215,611150,31867,574,42624
"salmon",2024-06-01,"area","area_1",846553,682983,19710,524,143336
"rainbowtrout",2023-06-01,"area","area_1",879279,775660,21865,519,81235
"rainbowtrout",2020-03-01,"area","area_2",756110,550055,17968,109,187978
"rainbowtrout",2024-08-01,"area","area_5",776248,568877,34658,769,171944
"salmon",2022-01-01,"area","area_5",903902,751329,32816,775,118982
"rainbowtrout",2021-02-01,"area","area_4",765250,626688,25944,550,112068
"salmon",2023-10-01,"area","area_4",632865,499037,15635,161,118032
"salmon",2024-01-01,"area","area_5",703095,564157,22593,644,115701
"salmon",2020-08-01,"area","area_4",602778,469194,27886,198,105500
"rainbowtrout",2022-01-01,"area","area_5",658211,533028,17091,153,107939
"salmon",2022-08-01,"area","area_5",664748,510450,18284,602,135412
"rainbowtrout",2020-12-01,"area","area_5",800265,690007,29740,402,80116
"salmon",2023-11-01,"area","area_4",832486,609931,32705,340,189510
"salmon",2022-08-01,"area","area_1",580770,421634,23522,437,135177
"salmon",2024-04-01,"area","area_2",500440,423443,18874,240,57883
"salmon",2022-01-01,"area","area_1",650814,578294,13134,290,59096
"rainbowtrout",2020-11-01,"area","area_4",610018,466907,22007,384,120720
"rainbowtrout",2021-12-01,"area","area_4",686410,586585,31405,511,67909
"rainbowtrout",2020-12-01,"area","area_4",823468,579668,37263,733,205804
"salmon",2021-01-01,"area","area_3",659679,527490,21743,252,110194
"rainbowtrout",2021-10-01,"area","area_4",618407,457048,22385,508,138466
"rainbowtrout",2021-07-01,"area","area_5",885198,685393,29187,246,170372
"rainbowtrout",2021-06-01,"area","area_4",790180,665121,29653,753,94653
"rainbowtrout",2021-07-01,"area","area_3",521779,428094,13606,217,79862
"rainbowtrout",2021-09-01,"area","area_2",940023,755516,25931,894,157682
"rainbowtrout",2022-11-01,"area","area_1",810857,666929,33484,487,109957
"salmon",2022-07-01,"area","area_5",514837,397039,22977,398,94423
"rainbowtrout",2020-02-01,"area","area_1",792789,567921,32366,153,192349
"rainbowtrout",2021-02-01,"area","area_5",965388,730969,20458,516,213445
"rainbowtrout",2021-11-01,"area","area_3",688539,494862,33234,326,160117
"salmon",2022-02-01,"area","area_3",757622,543239,21205,140,193038
"rainbowtrout",2021-08-01,"area","area_5",880148,785758,35622,369,58399
"rainbowtrout",2020-07-01,"area","area_2",652944,477466,28528,215,146735
"rainbowtrout",2023-08-01,"area","area_2",960151,827724,44916,335,87176
"salmon",2023-04-01,"area","area_1",978058,760365,41343,360,175990
"salmon",2023-06-01,"area","area_1",574611,410735,26131,112,137633
"salmon",2020-04-01,"area","area_4",950256,807677,36753,230,105596
"rainbowtrout",2022-04-01,"area","area_4",695889,624979,25874,454,44582
"rainbowtrout",2021-10-01,"area","area_2",663362,536586,30436,562,95778
"rainbowtrout",2022-09-01,"area","area_5",749133,665029,25266,455,58383
"rainbowtrout",2023-09-01,"area","area_1",694661,520798,34119,180,139564
"salmon",2020-04-01,"area","area_3",665698,503688,15243,441,146326
"rainbowtrout",2023-10-01,"area","area_3",887837,688093,44291,499,154954
"salmon",2020-02-01,"area","area_4",883551,782842,39214,185,61310
"rainbowtrout",2022-04-01,"area","area_5",703809,574229,17504,85,111991
"rainbowtrout",2020-11-01,"area","area_5",515928,361703,23033,164,131028
"salmon",2024-05-01,"area","area_3",916291,683381,43055,137,189718
"salmon",2022-11-01,"area","area_5",782622,582811,24770,438,174603
"salmon",2021-02-01,"area","area_4",573543,469304,26210,220,77809
"rainbowtrout",2024-01-01,"area","area_1",516834,364984,16036,281,135533
"salmon",2021-01-01,"area","area_5",575213,460906,14226,182,99899
"rainbowtrout",2021-03-01,"area","area_4",804917,710399,25558,445,68515
"salmon",2020-11-01,"area","area_4",661100,546393,19480,443,94784
"rainbowtrout",2022-03-01,"area","area_4",537371,435643,24553,406,76769
"salmon",2023-03-01,"area","area_2",644536,490099,20620,278,133539
"rainbowtrout",2022-08-01,"area","area_2",760497,540687,34410,234,185166
"rainbowtrout",2021-01-01,"area","area_2",713059,625963,26483,405,60208
"rainbowtrout",2020-05-01,"area","area_4",957731,791105,36428,439,129759
"salmon",2021-07-01,"area","area_5",613676,434678,14847,84,164067
"salmon",2024-03-01,"area","area_1",532555,462944,15988,119,53504
"salmon",2021-09-01,"area","area_5",664260,570674,29389,507,63690
"rainbowtrout",2021-04-01,"area","area_3",796095,621317,31340,623,142815
"salmon",2020-01-01,"area","area_1",643428,554558,31686,78,57106
"salmon",2024-05-01,"area","area_1",892140,661617,26121,729,203673
"salmon",2021-11-01,"area","area_3",662464,476025,26816,118,159505
"rainbowtrout",2020-12-01,"area","area_1",945582,674069,36888,850,233775
"rainbowtrout",2022-05-01,"area","area_2",631407,524204,29410,91,77702
"salmon",2022-12-01,"area","area_4",608330,449892,13573,557,144308
"rainbowtrout",2023-04-01,"area","area_2",929054,775058,37587,718,115691
"salmon",2022-04-01,"area","area_3",585783,495666,16414,135,73568
"salmon",2022-03-01,"area","area_3",916173,675082,33360,391,207340
"salmon",2021-09-01,"area","area_3",580595,432210,12387,351,135647
"salmon",2023-12-01,"area","area_2",670219,574349,20950,539,74381
"salmon",2021-07-01,"area","area_2",557056,495979,24175,116,36786
"salmon",2024-06-01,"area","area_2",604712,500454,29036,265,74957
"rainbowtrout",2022-07-01,"area","area_3",597546,530231,14642,191,52482
"salmon",2023-08-01,"area","area_2",665743,543221,29590,232,92700
"salmon",2021-04-01,"area","area_3",560347,456668,27713,131,75835
"salmon",2023-05-01,"area","area_1",725845,541636,28973,267,154969
"salmon",2023-10-01,"area","area_1",824381,619688,34454,815,169424
"rainbowtrout",2023-01-01,"area","area_5",981245,838293,44416,586,97950
"salmon",2020-03-01,"area","area_5",599531,525740,24995,555,48241
"rainbowtrout",2023-04-01,"area","area_1",549993,390350,17352,483,141808
"salmon",2021-01-01,"area","area_4",543718,463967,11296,505,67950
"rainbowtrout",2024-11-01,"area","area_4",934071,816717,28331,568,88455
"salmon",2022-04-01,"area","area_5",798158,581415,37801,707,178235
"salmon",2023-04-01,"area","area_4",762505,670466,20072,551,71416
"salmon",2020-09-01,"area","area_2",507068,417317,22168,275,67308
"salmon",2021-05-01,"area","area_2",620131,551166,20898,429,47638
"rainbowtrout",2022-07-01,"area","area_1",788675,589042,34796,637,164200
"salmon",2024-12-01,"area","area_4",708454,611828,34949,149,61528
"rainbowtrout",2021-02-01,"area","area_2",758873,578190,18501,604,161578
"rainbowtrout",2022-03-01,"area","area_2",694324,530756,23016,674,139878
"rainbowtrout",2023-11-01,"area","area_3",756320,673922,34512,97,47789
"salmon",2021-04-01,"area","area_4",808535,717096,25427,667,65345
"rainbowtrout",2024-11-01,"area","area_3",682036,583097,13772,379,84788
"rainbowtrout",2023-06-01,"area","area_2",976930,878587,23111,414,74818
"salmon",2023-07-01,"area","area_3",738645,654254,19872,355,64164
"rainbowtrout",2020-09-01,"area","area_4",946515,752533,27339,705,165938
"rainbowtrout",2020-02-01,"area","area_4",750250,611823,27620,383,110424
"rainbowtrout",2021-09-01,"area","area_3",526710,457729,18026,243,50712
"rainbowtrout",2024-03-01,"area","area_5",528770,379175,20681,461,128453
"rainbowtrout",2022-05-01,"area","area_4",977265,732745,22552,439,221529
"salmon",2020-10-01,"area","area_3",886001,629418,23964,878,231741
"rainbowtrout",2022-10-01,"area","area_3",733844,544921,35336,234,153353
"salmon",2024-08-01,"area","area_3",587067,466674,20202,271,99920
"rainbowtrout",2023-03-01,"area","area_4",782050,661054,38680,335,81981
"rainbowtrout",2021-10-01,"area","area_3",698081,538179,18489,333,141080
"rainbowtrout",2024-01-01,"area","area_5",911121,672358,23703,538,214522
"rainbowtrout",2024-12-01,"area","area_4",734498,565991,32398,701,135408
"rainbowtrout",2022-09-01,"area","area_2",594939,446396,28468,180,119895
"rainbowtrout",2021-11-01,"area","area_1",697470,624321,22954,605,49590
"salmon",2020-04-01,"area","area_2",885866,717452,30485,513,137416
"salmon",2021-07-01,"area","area_4",916486,667328,38472,665,210021
"rainbowtrout",2024-10-01,"area","area_4",928987,712652,26963,440,188932
"salmon",2024-09-01,"area","area_5",919263,814405,34381,558,69919
"salmon",2024-11-01,"area","area_3",948907,820644,35112,847,92304
"salmon",2020-05-01,"area","area_2",646117,462151,26277,595,157094
"rainbowtrout",2022-02-01,"area","area_1",925092,724061,39071,781,161179
"rainbowtrout",2022-02-01,"area","area_5",584541,463594,25698,371,94878
"salmon",2024-03-01,"area","area_2",671693,474974,14202,401,182116
"rainbowtrout",2020-06-01,"area","area_3",588656,505627,28722,208,54099
"salmon",2023-03-01,"area","area_4",682083,542309,16616,190,122968
"salmon",2020-06-01,"area","area_1",676913,558541,20208,325,97839
"salmon",2020-01-01,"area","area_4",767314,578159,32313,396,156446
"salmon",2024-11-01,"area","area_2",957625,825539,20172,825,111089
"salmon",2023-06-01,"area","area_5",555702,390157,12778,328,152439
"rainbowtrout",2024-10-01,"area","area_5",932859,795254,30830,571,106204
"rainbowtrout",2023-03-01,"area","area_3",708434,550929,20537,175,136793
"rainbowtrout",2022-12-01,"area","area_2",948972,665654,23760,765,258793
"rainbowtrout",2021-03-01,"area","area_3",584774,460661,27445,241,96427
"rainbowtrout",2023-12-01,"area","area_2",785094,581745,32801,763,169785
"salmon",2023-09-01,"area","area_1",525446,464701,15899,173,44673
"salmon",2023-08-01,"area","area_3",699389,550247,24465,495,124182
"salmon",2022-03-01,"area","area_5",893886,729177,22523,150,142036
"rainbowtrout",2022-09-01,"area","area_1",828174,714212,29774,688,83500
"salmon",2021-03-01,"area","area_3",519002,447044,10730,241,60987
"salmon",2020-06-01,"area","area_2",704140,540784,21768,448,141140
"rainbowtrout",2022-12-01,"county","county_2",767817,627896,27063,652,112206
"salmon",2020-11-01,"county","county_3",782130,649040,28439,327,104324
"rainbowtrout",2024-11-01,"county","county_2",983449,748798,34172,745,199734
"rainbowtrout",2020-11-01,"county","county_2",730732,558381,14728,244,157379
"salmon",2020-01-01,"county","county_3",687380,563613,27004,327,96436
"rainbowtrout",2022-02-01,"county","county_2",661606,567076,21921,531,72078
"rainbowtrout",2020-06-01,"county","county_2",763442,552479,29624,687,180652
"salmon",2021-03-01,"county","county_2",577845,432973,20251,149,124472
"rainbowtrout",2021-07-01,"county","county_2",929334,721303,21714,385,185932
"salmon",2024-08-01,"county","county_1",630363,468060,26762,401,135140
"rainbowtrout",2022-02-01,"county","county_3",751381,624119,26699,469,100094
"rainbowtrout",2024-11-01,"county","county_3",986760,752128,36528,929,197175
"rainbowtrout",2021-05-01,"county","county_3",667402,514774,22956,199,129473
"salmon",2024-08-01,"county","county_3",573002,446861,15025,370,110746
"rainbowtrout",2022-12-01,"county","county_3",649976,542647,23958,340,83031
"rainbowtrout",2023-12-01,"county","county_2",681390,503949,19353,492,157596
"salmon",2021-08-01,"county","county_2",751648,566508,23476,551,161113
"rainbowtrout",2023-10-01,"county","county_2",552921,416768,14623,378,121152
"salmon",2022-03-01,"county","county_3",523837,452280,14663,260,56634
"rainbowtrout",2021-04-01,"county","county_3",841130,603668,37355,834,199273
"rainbowtrout",2020-10-01,"county","county_2",566046,507831,20904,558,36753
"rainbowtrout",2022-06-01,"county","county_3",669645,526893,16022,119,126611
"rainbowtrout",2023-10-01,"county","county_3",603547,422518,17523,381,163125
"salmon",2024-07-01,"county","county_3",964346,792426,32999,246,138675
"rainbowtrout",2022-06-01,"county","county_1",997149,848714,41568,256,106611
"salmon",2020-08-01,"county","county_3",925273,670138,41779,173,213183
"salmon",2020-02-01,"county","county_3",874100,716808,23596,457,133239
"rainbowtrout",2022-11-01,"county","county_2",695483,491566,14609,650,188658
"rainbowtrout",2024-12-01,"county","county_3",658679,546764,19886,243,91786
"salmon",2020-10-01,"county","county_2",560112,402265,23316,420,134111
"rainbowtrout",2022-09-01,"county","county_3",620752,510608,24965,506,84673
"salmon",2022-07-01,"county","county_2",611985,519657,19433,453,72442
"rainbowtrout",2021-11-01,"county","county_3",949002,664881,38682,576,244863
"salmon",2020-09-01,"county","county_1",504200,413628,21561,109,68902
"salmon",2021-10-01,"county","county_1",756244,666291,30876,585,58492
"salmon",2024-05-01,"county","county_1",824792,690449,35226,399,98718
"salmon",2020-08-01,"county","county_1",828450,668826,18995,318,140311
"salmon",2023-05-01,"county","county_3",535319,406201,16890,287,111941
"rainbowtrout",2020-08-01,"county","county_1",803500,634897,18771,296,149536
"salmon",2024-03-01,"county","county_2",668633,530669,21322,465,116177
"rainbowtrout",2022-08-01,"county","county_1",706826,601142,17259,390,88035
"salmon",2022-05-01,"county","county_3",911815,735602,44771,159,131283
"rainbowtrout",2023-05-01,"county","county_2",505284,413038,12900,220,79126
"salmon",2024-11-01,"county","county_2",570934,403034,20427,264,147209
"rainbowtrout",2020-06-01,"county","county_3",779182,615128,23768,757,139529
"rainbowtrout",2021-06-01,"county","county_2",827179,616247,32682,768,177482
"salmon",2023-11-01,"county","county_3",880113,631714,17737,402,230260
"rainbowtrout",2020-07-01,"county","county_1",851183,632249,26575,725,191634
"salmon",2022-01-01,"county","county_2",864617,654511,36090,253,173763
"salmon",2020-03-01,"county","county_3",508520,454163,24058,306,29993
"salmon",2022-01-01,"county","county_1",916294,689674,29343,634,196643
"rainbowtrout",2023-04-01,"county","county_3",752558,643642,32640,208,76068
"rainbowtrout",2023-04-01,"county","county_1",517635,379855,14013,189,123578
"salmon",2023-10-01,"county","county_2",772959,616549,31228,442,124740
"rainbowtrout",2023-11-01,"county","county_1",644068,490893,25168,231,127776
"rainbowtrout",2024-06-01,"county","county_2",679978,553294,16080,161,110443
"salmon",2022-11-01,"county","county_2",544747,423042,22083,181,99441
"salmon",2021-03-01,"county","county_1",909902,660067,39659,313,209863
"salmon",2023-01-01,"county","county_3",891602,673112,19407,732,198351
"rainbowtrout",2022-06-01,"county","county_2",559067,455473,13679,224,89691
"salmon",2022-06-01,"county","county_1",500429,391077,12805,481,96066
"rainbowtrout",2020-01-01,"county","county_3",748734,641852,36815,708,69359
"salmon",2021-09-01,"county","county_1",794889,560857,33896,182,199954
"salmon",2021-01-01,"county","county_2",990367,724752,36570,969,228076
"salmon",2024-09-01,"county","county_3",928567,744979,22143,352,161093
"salmon",2021-02-01,"county","county_1",645687,456013,21396,274,168004
"rainbowtrout",2021-02-01,"county","county_1",689807,539094,14239,627,135847
"salmon",2022-04-01,"county","county_3",891595,631962,18599,246,240788
"rainbowtrout",2021-08-01,"county","county_2",949637,730356,37903,870,180508
"salmon",2020-07-01,"county","county_1",768485,682505,18621,450,66909
"rainbowtrout",2024-05-01,"county","county_3",817283,659719,19525,610,137429
"salmon",2020-02-01,"county","county_2",946079,832369,35000,563,78147
"salmon",2024-04-01,"county","county_3",786684,559648,30200,125,196711
"rainbowtrout",2024-05-01,"county","county_1",957622,855378,21558,327,80359
"rainbowtrout",2021-10-01,"county","county_3",862110,619788,34603,673,207046
"salmon",2020-01-01,"county","county_2",932436,808996,42536,381,80523
"salmon",2022-08-01,"county","county_2",857849,688831,32070,355,136593
"rainbowtrout",2021-02-01,"county","county_2",539858,483517,24387,217,31737
"rainbowtrout",2022-01-01,"county","county_2",761727,598245,18429,325,144728
"salmon",2020-12-01,"county","county_3",579160,474051,14809,359,89941
"rainbowtrout",2020-12-01,"county","county_1",766318,620825,23267,485,121741
"rainbowtrout",2020-11-01,"county","county_3",630520,510195,17831,406,102088
"rainbowtrout",2023-01-01,"county","county_2",842816,705801,29613,624,106778
"salmon",2023-08-01,"county","county_3",983260,782625,24235,157,176243
"rainbowtrout",2022-08-01,"county","county_2",541538,386320,23172,420,131626
"salmon",2024-06-01,"county","county_1",934275,815707,24407,231,93930
"salmon",2024-02-01,"county","county_3",824456,664104,19659,454,140239
"salmon",2022-12-01,"county","county_2",954541,852941,34510,148,66942
"salmon",2020-03-01,"county","county_1",527247,438713,16911,201,71422
"salmon",2021-05-01,"county","county_2",827513,722286,23316,449,81462
"rainbowtrout",2022-10-01,"county","county_2",724596,560093,35475,533,128495
"rainbowtrout",2023-07-01,"county","county_3",682161,553456,13946,617,114142
"salmon",2023-04-01,"county","county_3",502751,387665,16656,175,98255
"salmon",2021-02-01,"county","county_2",617844,525914,16489,172,75269
"rainbowtrout",2022-12-01,"county","county_1",567028,506431,14485,191,45921
"salmon",2022-02-01,"county","county_1",583745,483362,18447,77,81859
"rainbowtrout",2020-09-01,"county","county_2",748340,527540,18124,634,202042
"rainbowtrout",2020-04-01,"county","county_1",832041,702859,40917,783,87482
"salmon",2023-08-01,"county","county_2",674207,579598,20337,168,74104
"salmon",2021-03-01,"county","county_3",832862,740062,25911,658,66231
"rainbowtrout",2021-09-01,"county","county_1",742842,541300,26424,84,175034
"salmon",2021-12-01,"county","county_2",549409,403144,22442,85,123738
"salmon",2022-09-01,"county","county_2",518072,465045,13275,279,39473
"rainbowtrout",2022-07-01,"county","county_1",623084,558892,15198,134,48860
"salmon",2023-03-01,"county","county_1",752683,648997,34727,278,68681
"salmon",2020-04-01,"county","county_1",809935,644341,35789,614,129191
"rainbowtrout",2020-10-01,"county","county_3",581514,437896,12572,179,130867
"salmon",2020-10-01,"county","county_3",905308,685511,40332,615,178850
"salmon",2023-07-01,"county","county_2",903772,726354,20377,337,156704
"salmon",2020-04-01,"county","county_2",590502,496948,21390,150,72014
"salmon",2023-06-01,"county","county_2",761235,616809,29598,150,114678
"rainbowtrout",2021-10-01,"county","county_1",820672,650443,39060,802,130367
"rainbowtrout",2024-06-01,"county","county_1",541382,414344,20892,205,105941
"rainbowtrout",2020-12-01,"county","county_2",526674,443824,21832,133,60885
"salmon",2021-07-01,"county","county_2",672893,533001,29347,363,110182
"salmon",2022-02-01,"county","county_2",663272,521547,30157,180,111388
"rainbowtrout",2024-04-01,"county","county_2",717281,504359,26837,616,185469
"rainbowtrout",2022-07-01,"county","county_3",500382,404557,16547,213,79065
"salmon",2020-08-01,"county","county_2",815569,580457,40662,374,194076
"rainbowtrout",2022-10-01,"county","county_1",981050,778380,24499,824,177347
"salmon",2020-05-01,"county","county_2",861651,710174,42709,681,108087
"salmon",2024-10-01,"county","county_1",968572,791571,39457,214,137330
"salmon",2024-04-01,"county","county_2",953475,841951,36884,895,73745
"rainbowtrout",2021-10-01,"county","county_2",667013,475824,20290,286,170613
"salmon",2020-09-01,"county","county_2",914905,802224,39287,382,73012
"rainbowtrout",2024-07-01,"county","county_2",654608,499108,23616,237,131647
"rainbowtrout",2021-07-01,"county","county_3",676275,492068,26651,191,157365
"salmon",2023-11-01,"county","county_2",648358,566975,25929,129,55325
"salmon",2020-01-01,"county","county_1",989758,695939,29927,465,263427
"rainbowtrout",2022-09-01,"county","county_2",650512,500879,31418,106,118109
"rainbowtrout",2023-07-01,"county","county_1",966316,751489,31987,651,182189
"rainbowtrout",2020-10-01,"county","county_1",612097,515549,22077,156,74315
"rainbowtrout",2020-03-01,"county","county_2",864175,690231,37431,219,136294
"salmon",2022-03-01,"county","county_1",809393,591208,21006,304,196875
"rainbowtrout",2024-03-01,"county","county_1",952025,681278,20435,391,249921
"salmon",2020-05-01,"county","county_1",835601,698634,16979,730,119258
"salmon",2020-02-01,"county","county_1",782385,681227,28964,103,72091
"salmon",2024-09-01,"county","county_1",578645,499173,13858,473,65141
"rainbowtrout",2024-05-01,"county","county_2",790589,607740,35966,489,146394
"salmon",2021-11-01,"county","county_1",764505,582243,31110,740,150412
"rainbowtrout",2023-08-01,"county","county_1",617714,499026,22463,134,96091
"rainbowtrout",2024-09-01,"county","county_1",552181,461974,22829,354,67024
"rainbowtrout",2024-01-01,"county","county_2",680417,593846,20106,516,65949
"rainbowtrout",2024-08-01,"county","county_1",979539,776551,28810,699,173479
"salmon",2024-01-01,"county","county_1",649459,552263,19499,427,77270
"salmon",2022-10-01,"county","county_2",540002,468575,19692,313,51422
"salmon",2022-07-01,"county","county_3",727639,574678,23724,372,128865
"salmon",2023-03-01,"county","county_3",567166,467514,16865,272,82515
"salmon",2023-02-01,"county","county_1",931034,736265,19614,227,174928
"salmon",2024-04-01,"county","county_1",705905,581182,27891,460,96372
"rainbowtrout",2020-06-01,"county","county_1",673112,512181,16923,514,143494
"salmon",2024-07-01,"county","county_1",952404,709057,26396,150,216801
"rainbowtrout",2022-01-01,"county","county_3",851075,697413,18991,745,133926
"rainbowtrout",2024-07-01,"county","county_3",913483,762362,34097,167,116857
"salmon",2023-08-01,"county","county_1",835087,656018,29954,641,148474
"salmon",2022-04-01,"county","county_1",929818,787629,30979,552,110658
"salmon",2024-10-01,"county","county_3",687699,509483,22068,554,155594
"rainbowtrout",2023-06-01,"county","county_3",517217,442438,13788,62,60929
"rainbowtrout",2020-07-01,"county","county_3",720880,517865,33111,118,169786
"rainbowtrout",2021-01-01,"county","county_3",549921,428585,11730,450,109156
"rainbowtrout",2021-12-01,"county","county_2",903444,763219,42591,293,97341
"rainbowtrout",2022-08-01,"county","county_3",765508,639212,35933,335,90028
"salmon",2020-12-01,"county","county_1",698759,603022,21533,386,73818
"rainbowtrout",2022-04-01,"county","county_2",702782,597649,14812,209,90112
"salmon",2020-11-01,"county","county_1",991513,753732,34342,231,203208
"rainbowtrout",2023-09-01,"county","county_2",661850,523374,14386,515,123575
"rainbowtrout",2020-04-01,"county","county_3",734057,574034,29969,496,129558
"salmon",2024-09-01,"county","county_2",944774,768414,20927,678,154755
"rainbowtrout",2021-04-01,"county","county_1",758311,626229,25473,236,106373
"salmon",2024-11-01,"county","county_1",529030,452232,17465,358,58975
"salmon",2023-06-01,"county","county_1",986874,764527,25446,362,196539
"salmon",2021-12-01,"county","county_1",845559,662102,31232,706,151519
"salmon",2024-07-01,"county","county_2",891900,688984,28064,562,174290
"rainbowtrout",2020-08-01,"county","county_2",546396,478088,10932,302,57074
"rainbowtrout",2023-05-01,"county","county_1",540665,380337,16182,401,143745
"salmon",2021-06-01,"county","county_2",821294,599768,38537,729,182260
"rainbowtrout",2021-12-01,"county","county_1",631950,537438,15749,471,78292
"rainbowtrout",2023-09-01,"county","county_3",588343,471809,25219,154,91161
"rainbowtrout",2020-11-01,"county","county_1",958416,754439,38210,235,165532
"salmon",2021-04-01,"county","county_3",696768,529774,17794,267,148933
"salmon",2023-12-01,"county","county_3",821153,582935,19111,300,218807
"rainbowtrout",2023-04-01,"county","county_2",797869,590958,18850,325,187736
"rainbowtrout",2024-04-01,"county","county_3",846718,670066,21912,468,154272
"rainbowtrout",2021-04-01,"county","county_2",870588,697353,33651,637,138947
"salmon",2024-05-01,"county","county_3",917514,718502,29521,434,169057
"salmon",2021-08-01,"county","county_3",816592,616303,28094,381,171814
"rainbowtrout",2024-10-01,"county","county_3",869514,627076,26118,266,216054
"salmon",2022-06-01,"county","county_3",825943,612487,31933,449,181074
"salmon",2024-12-01,"county","county_2",935179,686890,42862,901,204526
"rainbowtrout",2022-02-01,"county","county_1",596681,506057,12083,73,78468
"salmon",2020-10-01,"county","county_1",992090,716992,41236,703,233159
"rainbowtrout",2021-03-01,"county","county_3",922289,672721,31075,316,218177
"rainbowtrout",2024-10-01,"county","county_2",635030,533290,23319,492,77929
"rainbowtrout",2020-12-01,"county","county_3",717937,560581,27741,233,129382
"rainbowtrout",2021-09-01,"county","county_3",725067,580659,28821,232,115355
"salmon",2020-11-01,"county","county_2",646803,459927,29812,71,156993
"salmon",2024-06-01,"county","county_3",593141,439794,13375,402,139570
"rainbowtrout",2021-07-01,"county","county_1",913528,739073,40256,409,133790
"salmon",2022-12-01,"county","county_1",837385,722465,40837,461,73622
"rainbowtrout",2020-07-01,"county","county_2",882675,720333,40468,332,121542
"salmon",2020-12-01,"county","county_2",870767,628275,39095,317,203080
"rainbowtrout",2024-01-01,"county","county_1",569303,485978,12881,428,70016
"rainbowtrout",2022-03-01,"county","county_1",877172,669827,29296,186,177863
"rainbowtrout",2021-11-01,"county","county_2",999003,855157,37077,265,106504
"rainbowtrout",2022-10-01,"county","county_3",586054,494693,12016,308,79037
"rainbowtrout",2021-03-01,"county","county_1",546979,427560,23084,235,96100
"salmon",2024-01-01,"county","county_3",823758,723315,19524,370,80549
"salmon",2021-11-01,"county","county_2",694823,499085,14301,616,180821
"rainbowtrout",2020-05-01,"county","county_1",592583,512903,19473,386,59821
"salmon",2023-06-01,"county","county_3",763834,607773,17602,593,137866
"salmon",2023-04-01,"county","county_1",537064,417723,14215,242,104884
"salmon",2023-12-01,"county","county_2",603415,459068,21614,144,122589
"rainbowtrout",2020-01-01,"county","county_1",783660,632817,35932,365,114546
"salmon",2023-11-01,"county","county_1",632146,471077,18195,416,142458
"rainbowtrout",2022-04-01,"county","county_1",517826,380171,10858,185,126612
"rainbowtrout",2023-05-01,"county","county_3",671390,561315,24391,151,85533
"salmon",2021-04-01,"county","county_1",684976,582011,33146,671,69148
"rainbowtrout",2024-02-01,"county","county_3",939470,747136,42095,456,149783
"rainbowtrout",2023-07-01,"county","county_2",711950,623932,28353,206,59459
"rainbowtrout",2023-01-01,"county","county_3",656579,579453,28799,330,47997
"rainbowtrout",2023-06-01,"county","county_2",840156,597161,34982,542,207471
"rainbowtrout",2023-03-01,"county","county_2",578338,457773,25002,387,95176
"salmon",2022-01-01,"county","county_3",559717,452248,17117,147,90205
"rainbowtrout",2024-08-01,"county","county_3",909221,780086,18672,609,109854
"rainbowtrout",2024-01-01,"county","county_3",797221,565001,31590,231,200399
"rainbowtrout",2023-10-01,"county","county_1",876888,650347,35522,158,190861
"rainbowtrout",2022-07-01,"county","county_2",596309,449688,27738,470,118413
"salmon",2021-01-01,"county","county_1",878985,759904,24214,408,94459
"salmon",2021-04-01,"county","county_2",562835,479363,11785,261,71426
"rainbowtrout",2024-09-01,"county","county_3",896934,668576,22635,600,205123
"salmon",2022-07-01,"county","county_1",605510,516349,12551,457,76153
"rainbowtrout",2021-08-01,"county","county_3",684854,523326,28433,343,132752
"rainbowtrout",2024-03-01,"county","county_2",800664,696937,28929,284,74514
"salmon",2024-01-01,"county","county_2",833088,672196,38817,215,121860
"salmon",2023-07-01,"county","county_1",576708,457151,24851,398,94308
"salmon",2021-08-01,"county","county_1",673054,554321,15630,135,102968
"salmon",2023-10-01,"county","county_3",589061,463489,12963,531,112078
"salmon",2024-12-01,"county","county_3",880910,682215,34574,680,163441
"salmon",2024-11-01,"county","county_3",764620,574902,21459,95,168164
"rainbowtrout",2021-05-01,"county","county_1",613786,526056,21964,302,65464
"salmon",2021-02-01,"county","county_3",857877,694696,21441,469,141271
"rainbowtrout",2023-03-01,"county","county_1",673511,483991,17754,537,171229
"rainbowtrout",2020-02-01,"county","county_2",632773,505052,16474,127,111120
"rainbowtrout",2021-03-01,"county","county_2",888288,719501,37721,733,130333
"salmon",2023-01-01,"county","county_1",617973,437936,22937,436,156664
"salmon",2021-07-01,"county","county_3",839148,683904,17084,672,137488
"salmon",2022-05-01,"county","county_2",605145,471361,25748,274,107762
"rainbowtrout",2023-02-01,"county","county_1",710028,589783,14416,514,105315
"rainbowtrout",2020-04-01,"county","county_2",686869,542043,31562,90,113174
"salmon",2021-09-01,"county","county_3",974908,830480,35167,383,108878
"salmon",2020-06-01,"county","county_2",674284,476125,15432,357,182370
"rainbowtrout",2024-12-01,"county","county_2",914426,672966,36154,287,205019
"salmon",2022-11-01,"county","county_3",976096,822893,33318,968,118917
"salmon",2021-12-01,"county","county_3",511900,440310,20503,371,50716
"salmon",2022-12-01,"county","county_3",567096,469376,20920,78,76722
"rainbowtrout",2023-02-01,"county","county_2",774563,642366,31000,673,100524
"rainbowtrout",2021-06-01,"county","county_1",520569,451619,23842,125,44983
"rainbowtrout",2021-05-01,"county","county_2",891357,682271,42482,504,166100
"rainbowtrout",2022-03-01,"county","county_3",691002,582878,33025,421,74678
"rainbowtrout",2020-09-01,"county","county_3",675778,473827,16365,656,184930
"salmon",2022-06-01,"county","county_2",743325,523783,31198,366,187978
"salmon",2022-10-01,"county","county_1",609528,499067,30193,250,80018
"salmon",2023-05-01,"county","county_2",663426,528975,20140,481,113830
"rainbowtrout",2023-03-01,"county","county_3",685819,601074,17840,409,66496
"salmon",2020-09-01,"county","county_3",605307,463174,12137,288,129708
"salmon",2021-06-01,"county","county_3",897792,658684,39983,810,198315
"rainbowtrout",2021-01-01,"county","county_1",942213,819116,24478,850,97769
"salmon",2020-03-01,"county","county_2",731975,521261,36453,480,173781
"rainbowtrout",2023-09-01,"county","county_1",853562,737415,22824,144,93179
"salmon",2020-05-01,"county","county_3",672316,484659,25428,549,161680
"rainbowtrout",2023-06-01,"county","county_1",975286,865442,43216,541,66087
"rainbowtrout",2020-03-01,"county","county_1",673150,581190,14986,166,76808
"salmon",2024-06-01,"county","county_2",535199,415293,24065,459,95382
"rainbowtrout",2023-12-01,"county","county_1",545154,429065,15725,71,100293
"salmon",2023-05-01,"county","county_1",718300,643719,31589,157,42835
"rainbowtrout",2022-11-01,"county","county_3",907325,737528,42206,719,126872
"salmon",2023-12-01,"county","county_1",912146,741171,23135,883,146957
"salmon",2020-06-01,"county","county_3",924811,662162,27953,758,233938
"rainbowtrout",2024-04-01,"county","county_1",586084,457502,26994,326,101262
"salmon",2023-04-01,"county","county_2",921761,700226,37572,726,183237
"salmon",2024-02-01,"county","county_1",726303,543170,35348,267,147518
"salmon",2022-09-01,"county","county_1",887823,634240,29570,508,223505
"salmon",2022-03-01,"county","county_2",885920,714780,37032,553,133555
"rainbowtrout",2022-01-01,"county","county_1",687230,494599,31692,156,160783
"rainbowtrout",2021-01-01,"county","county_2",594052,435860,18760,321,139111
"rainbowtrout",2024-10-01,"county","county_1",597615,453674,21723,579,121639
"salmon",2024-03-01,"county","county_1",923263,733027,22254,177,167805
"rainbowtrout",2021-12-01,"county","county_3",554420,393793,19425,500,140702
"salmon",2020-04-01,"county","county_3",789723,582557,19241,282,187643
"salmon",2021-07-01,"county","county_1",578875,462888,26497,438,89052
"rainbowtrout",2024-07-01,"county","county_1",966167,826064,27481,536,112086
"rainbowtrout",2020-09-01,"county","county_1",521692,433074,12601,119,75898
"rainbowtrout",2024-12-01,"county","county_1",796868,715329,19091,652,61796
"rainbowtrout",2023-12-01,"county","county_3",761105,533164,24046,549,203346
"rainbowtrout",2024-02-01,"county","county_2",954054,719707,19862,944,213541
"salmon",2022-02-01,"county","county_3",784497,647757,23158,144,113438
"rainbowtrout",2023-08-01,"county","county_2",597087,457866,27418,92,111711
"rainbowtrout",2023-02-01,"county","county_3",959059,692492,25896,829,239842
"rainbowtrout",2022-09-01,"county","county_1",667299,530020,27297,197,109785
"salmon",2022-09-01,"county","county_3",634981,541216,16075,94,77596
"salmon",2023-02-01,"county","county_3",569092,444461,21642,566,102423
"salmon",2021-09-01,"county","county_2",561403,454260,27613,137,79393
"salmon",2024-12-01,"county","county_1",735078,581891,23115,366,129706
"rainbowtrout",2021-08-01,"county","county_1",721338,603205,30282,552,87299
"rainbowtrout",2020-03-01,"county","county_3",952974,797547,34048,635,120744
"rainbowtrout",2024-09-01,"county","county_2",505231,426803,18846,348,59234
"salmon",2023-07-01,"county","county_3",645604,556129,19092,127,70256
"rainbowtrout",2022-05-01,"county","county_2",713400,613620,21802,650,77328
"salmon",2020-06-01,"county","county_1",612445,515922,21465,143,74915
"rainbowtrout",2024-06-01,"county","county_3",733737,524302,19605,639,189191
"rainbowtrout",2022-05-01,"county","county_1",794363,691614,29051,129,73569
"rainbowtrout",2022-05-01,"county","county_3",894131,688316,40535,239,165041
"rainbowtrout",2021-11-01,"county","county_1",879865,715390,26449,359,137667
"salmon",2024-10-01,"county","county_2",687893,529236,29675,181,128801
"salmon",2023-02-01,"county","county_2",638404,448147,17279,396,172582
"salmon",2023-09-01,"county","county_1",691875,506748,21119,101,163907
"rainbowtrout",2024-08-01,"county","county_2",573972,422566,15826,535,135045
"rainbowtrout",2020-05-01,"county","county_3",565556,442998,18793,337,103428
"rainbowtrout",2020-01-01,"county","county_2",806515,668352,28649,741,108773
"rainbowtrout",2024-02-01,"county","county_1",944266,746751,40067,452,156996
"salmon",2023-03-01,"county","county_2",872415,674409,37016,834,160156
"salmon",2022-08-01,"county","county_1",925672,662087,30662,864,232059
"salmon",2021-06-01,"county","county_1",505466,415427,16798,322,72919
"salmon",2021-05-01,"county","county_1",834089,748235,22566,134,63154
"salmon",2024-03-01,"county","county_3",995527,877823,23241,431,94032
"salmon",2022-08-01,"county","county_3",674995,592409,15200,141,67245
"rainbowtrout",2020-05-01,"county","county_2",586949,450625,13449,578,122297
"rainbowtrout",2024-03-01,"county","county_3",808084,602972,29057,145,175910
"salmon",2024-05-01,"county","county_2",935972,697850,22371,235,215516
"salmon",2023-01-01,"county","county_2",516563,444939,24569,236,46819
"salmon",2021-10-01,"county","county_2",969197,863438,31567,182,74010
"salmon",2021-10-01,"county","county_3",553250,460174,12658,378,80040
"rainbowtrout",2023-01-01,"county","county_1",791104,694178,23046,694,73186
"rainbowtrout",2020-08-01,"county","county_3",993087,807030,40990,613,144454
"salmon",2024-02-01,"county","county_2",568409,401698,12872,331,153508
"salmon",2022-04-01,"county","county_2",515376,401233,23718,111,90314
"rainbowtrout",2020-02-01,"county","county_3",954611,730706,21725,415,201765
"salmon",2023-09-01,"county","county_3",880944,650347,21950,519,208128
"salmon",2022-05-01,"county","county_1",935637,773049,30896,925,130767
"salmon",2022-11-01,"county","county_1",973086,838084,20915,751,113336
"rainbowtrout",2022-03-01,"county","county_2",530318,469658,26426,266,33968
"salmon",2021-01-01,"county","county_3",552244,389924,23215,215,138890
"salmon",2023-10-01,"county","county_1",995953,868678,48973,889,77413
"rainbowtrout",2024-11-01,"county","county_1",899869,647689,21662,829,229689
"rainbowtrout",2023-08-01,"county","county_3",978015,725261,30832,688,221234
"rainbowtrout",2021-02-01,"county","county_3",836360,650417,36801,823,148319
"rainbowtrout",2020-02-01,"county","county_1",636877,516826,25073,237,94741
"salmon",2020-07-01,"county","county_2",585661,522107,20801,283,42470
"rainbowtrout",2022-11-01,"county","county_1",913226,698532,21797,426,192471
"rainbowtrout",2022-04-01,"county","county_3",607977,506467,16717,588,84205
"salmon",2021-05-01,"county","county_3",991221,877867,38344,747,74263
"rainbowtrout",2021-06-01,"county","county_3",785513,703223,37733,385,44172
"rainbowtrout",2021-09-01,"county","county_2",676907,585230,33143,489,58045
"salmon",2022-10-01,"county","county_3",863003,743225,21638,503,97637
"salmon",2021-11-01,"county","county_3",663100,479755,25673,571,157101
"salmon",2024-08-01,"county","county_2",789922,596187,24093,552,169090
"salmon",2023-09-01,"county","county_2",919398,661425,26339,770,230864
"salmon",2020-07-01,"county","county_3",585870,433608,17240,129,134893
"rainbowtrout",2023-11-01,"county","county_3",582098,446455,21429,325,113889
"rainbowtrout",2023-11-01,"county","county_2",862717,705674,38703,551,117789
"rainbowtrout",2022-09-01,"country","Country",651971,470032,21123,166,160650
"salmon",2020-08-01,"country","Country",586594,512811,26855,117,46811
"rainbowtrout",2022-05-01,"country","Country",732742,634321,33943,625,63853
"rainbowtrout",2021-12-01,"country","Country",710412,553879,25172,321,131040
"rainbowtrout",2024-10-01,"country","Country",718580,631384,25619,465,61112
"salmon",2021-03-01,"country","Country",719017,519652,18189,412,180764
"rainbowtrout",2021-03-01,"country","Country",949496,754689,30551,581,163675
"rainbowtrout",2024-11-01,"country","Country",822499,664616,25984,178,131721
"rainbowtrout",2023-06-01,"country","Country",862688,677571,26021,333,158763
"rainbowtrout",2024-02-01,"country","Country",577404,513111,21386,205,42702
"rainbowtrout",2024-06-01,"country","Country",516694,406193,10960,497,99044
"salmon",2021-09-01,"country","Country",564046,499102,17027,354,47563
"salmon",2022-06-01,"country","Country",876844,742303,33541,686,100314
"rainbowtrout",2021-01-01,"country","Country",512613,365965,13415,208,133025
"salmon",2022-12-01,"country","Country",987287,855145,35139,255,96748
"salmon",2020-05-01,"country","Country",795961,643280,17347,520,134814
"salmon",2023-08-01,"country","Country",914537,762959,33131,884,117563
"rainbowtrout",2020-04-01,"country","Country",778886,676249,30026,151,72460
"salmon",2024-04-01,"country","Country",971291,801565,25234,902,143590
"salmon",2023-07-01,"country","Country",775650,554869,26174,412,194195
"salmon",2023-04-01,"country","Country",989695,864177,35814,223,89481
"rainbowtrout",2020-09-01,"country","Country",870551,683958,30170,514,155909
"salmon",2020-04-01,"country","Country",544062,409146,23973,528,110415
"rainbowtrout",2022-12-01,"country","Country",601642,480406,21897,518,98821
"salmon",2020-07-01,"country","Country",982328,832880,40905,811,107732
"salmon",2022-02-01,"country","Country",714110,576724,33026,331,104029
"salmon",2022-01-01,"country","Country",737481,589370,31413,451,116247
"rainbowtrout",2021-02-01,"country","Country",774353,606999,31368,393,135593
"rainbowtrout",2023-11-01,"country","Country",938031,771882,39095,627,126427
"rainbowtrout",2024-08-01,"country","Country",911718,657640,34190,272,219616
"rainbowtrout",2021-05-01,"country","Country",915342,753336,25935,340,135731
"rainbowtrout",2020-05-01,"country","Country",679835,498870,15112,422,165431
"salmon",2024-09-01,"country","Country",809885,622582,19187,158,167958
"rainbowtrout",2023-07-01,"country","Country",863697,714845,27734,525,120593
"salmon",2024-07-01,"country","Country",604385,495244,26554,443,82144
"rainbowtrout",2022-07-01,"country","Country",856124,719156,26882,823,109263
"rainbowtrout",2021-11-01,"country","Country",661175,569813,29184,437,61741
"rainbowtrout",2023-10-01,"country","Country",659430,521287,27118,235,110790
"rainbowtrout",2022-10-01,"country","Country",785332,651716,21125,114,112377
"salmon",2021-12-01,"country","Country",951087,784783,32488,382,133434
"rainbowtrout",2024-01-01,"country","Country",823623,729823,33182,191,60427
"salmon",2023-09-01,"country","Country",794508,579712,34427,286,180083
"salmon",2021-11-01,"country","Country",728993,642072,22563,496,63862
"rainbowtrout",2022-04-01,"country","Country",638382,493874,16341,569,127598
"salmon",2022-11-01,"country","Country",739407,630930,19063,244,89170
"rainbowtrout",2021-08-01,"country","Country",587620,471155,24638,227,91600
"salmon",2020-12-01,"country","Country",576349,501974,21210,184,52981
"rainbowtrout",2020-10-01,"country","Country",941195,820463,36605,613,83514
"salmon",2023-05-01,"country","Country",670680,593507,14984,498,61691
"salmon",2022-05-01,"country","Country",962246,833589,28551,729,99377
"rainbowtrout",2020-08-01,"country","Country",547040,449009,21812,131,76088
"salmon",2024-10-01,"country","Country",820032,668185,26054,810,124983
"rainbowtrout",2022-01-01,"country","Country",781178,669916,35977,608,74677
"rainbowtrout",2023-03-01,"country","Country",747898,555527,26899,177,165295
"rainbowtrout",2020-11-01,"country","Country",931646,757531,20398,486,153231
"rainbowtrout",2020-07-01,"country","Country",995999,837676,39764,328,118231
"salmon",2024-01-01,"country","Country",877220,725899,24120,660,126541
"salmon",2024-12-01,"country","Country",956384,764868,46162,266,145088
"rainbowtrout",2020-02-01,"country","Country",725594,642886,34770,624,47314
"salmon",2020-10-01,"country","Country",591055,473352,14753,376,102574
"salmon",2024-11-01,"country","Country",883086,618416,22523,469,241678
"salmon",2023-02-01,"country","Country",608824,533832,24676,164,50152
"rainbowtrout",2020-12-01,"country","Country",996128,760945,45596,498,189089
"rainbowtrout",2023-01-01,"country","Country",576210,450444,18679,378,106709
"salmon",2024-08-01,"country","Country",954304,750011,23639,155,180499
"salmon",2023-06-01,"country","Country",722089,583330,34905,161,103693
"rainbowtrout",2023-04-01,"country","Country",908676,776854,30224,874,100724
"rainbowtrout",2022-08-01,"country","Country",640059,536784,24640,619,78016
"rainbowtrout",2023-09-01,"country","Country",602715,530493,23174,250,48798
"salmon",2020-11-01,"country","Country",631619,488646,19317,204,123452
"salmon",2024-02-01,"country","Country",939296,699057,38837,330,201072
"rainbowtrout",2022-06-01,"country","Country",529001,400409,25016,122,103454
"rainbowtrout",2021-07-01,"country","Country",855744,706669,23283,746,125046
"rainbowtrout",2020-03-01,"country","Country",763899,627346,29398,444,106711
"rainbowtrout",2023-12-01,"country","Country",761308,647538,35486,586,77698
"rainbowtrout",2020-06-01,"country","Country",764664,652334,15657,290,96383
"salmon",2020-06-01,"country","Country",640520,488347,20505,348,131320
"salmon",2021-07-01,"country","Country",507607,448042,20901,133,38531
"salmon",2024-06-01,"country","Country",986937,885677,35844,478,64938
"salmon",2024-03-01,"country","Country",505372,451462,24125,133,29652
"salmon",2020-03-01,"country","Country",624349,558142,14189,481,51537
"salmon",2023-03-01,"country","Country",644032,559817,29213,176,54826
"salmon",2021-06-01,"country","Country",854117,705312,38776,136,109893
"salmon",2021-02-01,"country","Country",973603,810701,24073,433,138396
"rainbowtrout",2020-01-01,"country","Country",885757,699722,27568,518,157949
"rainbowtrout",2024-03-01,"country","Country",688097,481951,25704,408,180034
"rainbowtrout",2022-03-01,"country","Country",669820,547701,16877,205,105037
"salmon",2022-08-01,"country","Country",688345,498758,15221,368,173998
"salmon",2022-04-01,"country","Country",712174,584037,20233,175,107729
"rainbowtrout",2022-11-01,"country","Country",740114,532958,33651,646,172859
"salmon",2021-05-01,"country","Country",970439,814029,24415,940,131055
"salmon",2023-12-01,"country","Country",763552,618564,21295,452,123241
"rainbowtrout",2021-10-01,"country","Country",782591,630790,38907,505,112389
"rainbowtrout",2021-09-01,"country","Country",612745,540401,17698,69,54577
"salmon",2021-08-01,"country","Country",508419,454727,17201,316,36175
"salmon",2020-09-01,"country","Country",856036,633817,29909,647,191663
"rainbowtrout",2024-09-01,"country","Country",793248,584563,29456,526,178703
"rainbowtrout",2024-04-01,"country","Country",754320,640079,17776,512,95953
"salmon",2022-10-01,"country","Country",939214,792649,33465,153,112947
"salmon",2022-07-01,"country","Country",601528,514548,24556,551,61873
"rainbowtrout",2021-06-01,"country","Country",553392,416583,12230,520,124059
"salmon",2023-01-01,"country","Country",602640,442605,29938,490,129607
"rainbowtrout",2023-05-01,"country","Country",711667,638173,33473,458,39563
"rainbowtrout",2024-12-01,"country","Country",583111,514419,24886,484,43322
"rainbowtrout",2023-08-01,"country","Country",918693,700832,37952,389,179520
"rainbowtrout",2024-05-01,"country","Country",733032,617794,26460,624,88154
"salmon",2020-02-01,"country","Country",639043,472395,15311,145,151192
"rainbowtrout",2024-07-01,"country","Country",653153,572757,21225,619,58552
"salmon",2023-11-01,"country","Country",557571,452043,24537,283,80708
"rainbowtrout",2021-04-01,"country","Country",990560,858885,23227,329,108119
"salmon",2021-01-01,"country","Country",767583,600575,38146,579,128283
"salmon",2022-09-01,"country","Country",504375,400365,17017,232,86761
"salmon",2022-03-01,"country","Country",870946,771154,34010,279,65503
"salmon",2023-10-01,"country","Country",848482,676120,24445,814,147103
"salmon",2021-04-01,"country","Country",670361,577332,18945,383,73701
"rainbowtrout",2023-02-01,"country","Country",926168,813669,24411,197,87891
"salmon",2021-10-01,"country","Country",824251,733890,17867,210,72284
"salmon",2020-01-01,"country","Country",737878,524184,36846,694,176154
"salmon",2024-05-01,"country","Country",628321,504403,16699,609,106610
"rainbowtrout",2022-02-01,"country","Country",607027,507265,20593,452,78717
